BIN,BankName,CardScheme
113012,TURKIYE HALK BANKASI A.S.,AMEX
113015,TURKIYE VAKIFLAR BANKASI T.A.O.,AMEX
113032,TURK EKONOMI BANKASI A.S.,AMEX
113059,SEKERBANK T.A.S.,AMEX
113064,TURKIYE IS BANKASI A.S.,AMEX
113134,DENIZBANK A.S.,AMEX
365770,ALTERNATİF BANK A.S.,TROY
365771,ALTERNATİF BANK A.S.,TROY
365772,ALTERNATİF BANK A.S.,TROY
365773,ALTERNATİF BANK A.S.,TROY
374421,TURKIYE GARANTI BANKASI A.S.,AMEX
374422,TURKIYE GARANTI BANKASI A.S.,AMEX
374423,TURKIYE GARANTI BANKASI A.S.,AMEX
374424,TURKIYE GARANTI BANKASI A.S.,AMEX
374425,TURKIYE GARANTI BANKASI A.S.,AMEX
374426,TURKIYE GARANTI BANKASI A.S.,AMEX
374427,TURKIYE GARANTI BANKASI A.S.,AMEX
374428,TURKIYE GARANTI BANKASI A.S.,AMEX
375622,TURKIYE GARANTI BANKASI A.S.,AMEX
375623,TURKIYE GARANTI BANKASI A.S.,AMEX
375624,TURKIYE GARANTI BANKASI A.S.,AMEX
375625,TURKIYE GARANTI BANKASI A.S.,AMEX
375626,TURKIYE GARANTI BANKASI A.S.,AMEX
375627,TURKIYE GARANTI BANKASI A.S.,AMEX
375628,TURKIYE GARANTI BANKASI A.S.,AMEX
375629,TURKIYE GARANTI BANKASI A.S.,AMEX
375630,TURKIYE GARANTI BANKASI A.S.,AMEX
375631,TURKIYE GARANTI BANKASI A.S.,AMEX
377137,TURKIYE GARANTI BANKASI A.S.,AMEX
377596,TURKIYE GARANTI BANKASI A.S.,AMEX
377597,TURKIYE GARANTI BANKASI A.S.,AMEX
377598,TURKIYE GARANTI BANKASI A.S.,AMEX
377599,TURKIYE GARANTI BANKASI A.S.,AMEX
400684,ING BANK A.S.,VISA
400742,TURKIYE FINANS KATILIM BANKASI  A.S.,VISA
401049,TURKIYE HALK BANKASI A.S.,VISA
401072,QNB FINANSBANK A.S.,VISA
401622,YAPI VE KREDI BANKASI A.S.,VISA
401738,TURKIYE GARANTI BANKASI A.S.,VISA
402142,TURK EKONOMI BANKASI A.S.,VISA
402277,QNB FINANSBANK A.S.,VISA
402278,QNB FINANSBANK A.S.,VISA
402458,TURK EKONOMI BANKASI A.S.,VISA
402459,TURK EKONOMI BANKASI A.S.,VISA
402563,QNB FINANSBANK A.S.,VISA
402589,KUVEYT TURK KATILIM BANKASI  A.S.,VISA
402590,KUVEYT TURK KATILIM BANKASI  A.S.,VISA
402591,KUVEYT TURK KATILIM BANKASI  A.S.,VISA
402592,KUVEYT TURK KATILIM BANKASI  A.S.,VISA
402940,TURKIYE VAKIFLAR BANKASI T.A.O.,VISA
403082,QNB FINANSBANK A.S.,VISA
403134,DENIZBANK A.S.,VISA
403280,TURKIYE GARANTI BANKASI A.S.,VISA
403360,KUVEYT TURK KATILIM BANKASI  A.S.,VISA
403666,TURKIYE GARANTI BANKASI A.S.,VISA
403836,SEKERBANK T.A.S.,VISA
403998,TURKIYE IS BANKASI A.S.,VISA
404308,TURKIYE GARANTI BANKASI A.S.,VISA
404315,TURK EKONOMI BANKASI A.S.,VISA
404350,TURK EKONOMI BANKASI A.S.,VISA
404591,T.C. ZIRAAT BANKASI A.S.,VISA
404809,YAPI VE KREDI BANKASI A.S.,VISA
404952,TURKIYE FINANS KATILIM BANKASI  A.S.,VISA
404990,DENIZBANK A.S.,VISA
405051,TURKIYE GARANTI BANKASI A.S.,VISA
405090,TURKIYE GARANTI BANKASI A.S.,VISA
405903,HSBC BANK A.S.,VISA
405913,HSBC BANK A.S.,VISA
405917,HSBC BANK A.S.,VISA
405918,HSBC BANK A.S.,VISA
405919,HSBC BANK A.S.,VISA
406015,TURK EKONOMI BANKASI A.S.,VISA
406281,YAPI VE KREDI BANKASI A.S.,VISA
406386,QNB FINANSBANK A.S.,VISA
406456,TURKIYE IS BANKASI A.S.,VISA
406665,TURKIYE GARANTI BANKASI A.S.,VISA
406666,TURKIYE GARANTI BANKASI A.S.,VISA
407814,T.C. ZIRAAT BANKASI A.S.,VISA
408579,ING BANK A.S.,VISA
408581,ING BANK A.S.,VISA
408625,DENIZBANK A.S.,VISA
408969,HSBC BANK A.S.,VISA
409070,DENIZBANK A.S.,VISA
409071,Advantage,VISA
409219,TURKIYE GARANTI BANKASI A.S.,VISA
409364,QNB FINANSBANK A.S.,VISA
409622,SEKERBANK T.A.S.,VISA
410141,TURKIYE GARANTI BANKASI A.S.,VISA
410147,QNB FINANSBANK A.S.,VISA
411156,SEKERBANK T.A.S.,VISA
411157,SEKERBANK T.A.S.,VISA
411158,SEKERBANK T.A.S.,VISA
411159,SEKERBANK T.A.S.,VISA
411160,SEKERBANK T.A.S.,VISA
411685,TURKIYE FINANS KATILIM BANKASI  A.S.,VISA
411724,TURKIYE VAKIFLAR BANKASI T.A.O.,VISA
411942,TURKIYE VAKIFLAR BANKASI T.A.O.,VISA
411943,TURKIYE VAKIFLAR BANKASI T.A.O.,VISA
411944,TURKIYE VAKIFLAR BANKASI T.A.O.,VISA
411979,TURKIYE VAKIFLAR BANKASI T.A.O.,VISA
413226,T.C. ZIRAAT BANKASI A.S.,VISA
413252,AKBANK T.A.S.,VISA
413382,YAPI VE KREDI BANKASI A.S.,VISA
413528,TURK EKONOMI BANKASI A.S.,VISA
413729,ICBC TURKEY BANK A.S.,VISA
413836,TURKIYE GARANTI BANKASI A.S.,VISA
413972,ICBC TURKEY BANK A.S.,VISA
414070,ING BANK A.S.,VISA
414388,QNB FINANSBANK A.S.,VISA
414392,YAPI VE KREDI BANKASI A.S.,VISA
415514,TURKIYE HALK BANKASI A.S.,VISA
415515,TURKIYE HALK BANKASI A.S.,VISA
415565,QNB FINANSBANK A.S.,VISA
415792,TURKIYE VAKIFLAR BANKASI T.A.O.,VISA
415956,QNB FINANSBANK A.S.,VISA
416275,TURKIYE FINANS KATILIM BANKASI  A.S.,VISA
416283,ZİRAAT KATILIM BANKASI A.S.,VISA
416350,TURK EKONOMI BANKASI A.S.,VISA
416394,ALTERNATİF BANK A.S.,VISA
416563,TURK EKONOMI BANKASI A.S.,VISA
416607,TURKIYE HALK BANKASI A.S.,VISA
416757,TURKIYE VAKIFLAR BANKASI T.A.O.,VISA
417715,ALBARAKA TURK KATILIM BANKASI A.S,VISA
417716,ALBARAKA TURK KATILIM BANKASI A.S,VISA
418342,TURKIYE IS BANKASI A.S.,VISA
418343,TURKIYE IS BANKASI A.S.,VISA
418344,TURKIYE IS BANKASI A.S.,VISA
418345,TURKIYE IS BANKASI A.S.,VISA
419389,TURKISH BANK A.S.,VISA
420092,QNB FINANSBANK A.S.,VISA
420322,ING BANK A.S.,VISA
420323,ING BANK A.S.,VISA
420324,ING BANK A.S.,VISA
420342,YAPI VE KREDI BANKASI A.S.,VISA
420343,YAPI VE KREDI BANKASI A.S.,VISA
420556,TURKIYE IS BANKASI A.S.,VISA
420557,TURKIYE GARANTI BANKASI A.S.,VISA
421030,TURKIYE HALK BANKASI A.S.,VISA
421086,SEKERBANK T.A.S.,VISA
422376,QNB FINANSBANK A.S.,VISA
422629,HSBC BANK A.S.,VISA
423002,ALBARAKA TURK KATILIM BANKASI A.S,VISA
423091,ING BANK A.S.,VISA
423478,TURKIYE VAKIFLAR BANKASI T.A.O.,VISA
423480,TURKIYE HALK BANKASI A.S.,VISA
423495,FIBABANKA A.S.,VISA
423833,SEKERBANK T.A.S.,VISA
424360,DENIZBANK A.S.,VISA
424361,DENIZBANK A.S.,VISA
424909,HSBC BANK A.S.,VISA
424927,TURKIYE FINANS KATILIM BANKASI  A.S.,VISA
424935,ALBARAKA TURK KATILIM BANKASI A.S,VISA
425669,AKBANK T.A.S.,VISA
425846,ANADOLUBANK A.S.,VISA
425847,ANADOLUBANK A.S.,VISA
425848,ANADOLUBANK A.S.,VISA
425849,ANADOLUBANK A.S.,VISA
426886,TURKIYE GARANTI BANKASI A.S.,VISA
426887,TURKIYE GARANTI BANKASI A.S.,VISA
426888,TURKIYE GARANTI BANKASI A.S.,VISA
426889,TURKIYE GARANTI BANKASI A.S.,VISA
427308,TURK EKONOMI BANKASI A.S.,VISA
427311,QNB FINANSBANK A.S.,VISA
427314,TURKIYE GARANTI BANKASI A.S.,VISA
427315,TURKIYE GARANTI BANKASI A.S.,VISA
427707,TURK EKONOMI BANKASI A.S.,VISA
428220,TURKIYE GARANTI BANKASI A.S.,VISA
428221,TURKIYE GARANTI BANKASI A.S.,VISA
428240,HSBC BANK A.S.,VISA
428462,TURKIYE FINANS KATILIM BANKASI  A.S.,VISA
428945,TURKIYE VAKIFLAR BANKASI T.A.O.,VISA
431024,KUVEYT TURK KATILIM BANKASI  A.S.,VISA
431379,QNB FINANSBANK A.S.,VISA
432071,AKBANK T.A.S.,VISA
432072,AKBANK T.A.S.,VISA
432154,TURKIYE GARANTI BANKASI A.S.,VISA
432284,ALBARAKA TURK KATILIM BANKASI A.S,VISA
432285,ALBARAKA TURK KATILIM BANKASI A.S,VISA
432951,TURKIYE GARANTI BANKASI A.S.,VISA
432952,TURKIYE GARANTI BANKASI A.S.,VISA
432953,TURKIYE GARANTI BANKASI A.S.,VISA
432954,TURKIYE GARANTI BANKASI A.S.,VISA
434528,T.C. ZIRAAT BANKASI A.S.,VISA
434529,T.C. ZIRAAT BANKASI A.S.,VISA
434530,TURKIYE VAKIFLAR BANKASI T.A.O.,VISA
434572,ALBARAKA TURK KATILIM BANKASI A.S,VISA
434610,SIPAY ELEKTRONIK PARA VE ODEME HIZMETLERI AS,VISA
434611,SIPAY ELEKTRONIK PARA VE ODEME HIZMETLERI AS,VISA
434724,TURKIYE VAKIFLAR BANKASI T.A.O.,VISA
434727,TURKCELL ODEME VE ELEKTRONIK PARA HIZMETLERI AS,VISA
434728,YAPI VE KREDI BANKASI A.S.,VISA
434742,YAPI VE KREDI BANKASI A.S.,VISA
434839,YAPI VE KREDI BANKASI A.S.,VISA
434909,FIBABANKA A.S.,VISA
434913,POSTA VE TELGRAF TEŞKİLATI A.Ş.,VISA
434914,POSTA VE TELGRAF TEŞKİLATI A.Ş.,VISA
435508,AKBANK T.A.S.,VISA
435509,AKBANK T.A.S.,VISA
435627,TURKIYE FINANS KATILIM BANKASI  A.S.,VISA
435628,TURKIYE FINANS KATILIM BANKASI  A.S.,VISA
435629,TURKIYE FINANS KATILIM BANKASI  A.S.,VISA
435653,QNB FINANSBANK A.S.,VISA
437897,CITIBANK A.Ş.,VISA
438040,TURK EKONOMI BANKASI A.S.,VISA
438331,TURKIYE IS BANKASI A.S.,VISA
439561,T.C. ZIRAAT BANKASI A.S.,VISA
439562,TURK ELEKTRONIK PARA A S,VISA
439563,TURK ELEKTRONIK PARA A S,VISA
439573,LYDIANS ELEKTRONİK PARA VE ÖDEME HİZMETLERİ A.Ş.,VISA
439575,LYDIANS ELEKTRONİK PARA VE ÖDEME HİZMETLERİ A.Ş.,VISA
439683,PALADYUM ELEKTRONİK PARA VE ÖDEME HİZMETLERİ A.Ş.,VISA
439724,PALADYUM ELEKTRONİK PARA VE ÖDEME HİZMETLERİ A.Ş.,VISA
439748,ININAL ODEME VE ELEKTRONIK PARA HIZMETLERİ A.S.,VISA
439757,QNB FINANSBANK A.S.,VISA
439845,TURK EKONOMI BANKASI A.S.,VISA
439847,TURKIYE FINANS KATILIM BANKASI  A.S.,VISA
439848,TURKIYE FINANS KATILIM BANKASI  A.S.,VISA
439849,TURKIYE FINANS KATILIM BANKASI  A.S.,VISA
440247,TURK EKONOMI BANKASI A.S.,VISA
440273,TURK EKONOMI BANKASI A.S.,VISA
440274,TURK EKONOMI BANKASI A.S.,VISA
440293,TURK EKONOMI BANKASI A.S.,VISA
440294,TURK EKONOMI BANKASI A.S.,VISA
440295,TURK EKONOMI BANKASI A.S.,VISA
441007,QNB FINANSBANK A.S.,VISA
441075,TURKIYE IS BANKASI A.S.,VISA
441076,TURKIYE IS BANKASI A.S.,VISA
441077,TURKIYE IS BANKASI A.S.,VISA
441206,TURKIYE FINANS KATILIM BANKASI  A.S.,VISA
441341,ANADOLUBANK A.S.,VISA
442106,YAPI VE KREDI BANKASI A.S.,VISA
442395,QNB FINANSBANK A.S.,VISA
442671,TURKIYE VAKIFLAR BANKASI T.A.O.,VISA
444676,T.C. ZIRAAT BANKASI A.S.,VISA
444677,T.C. ZIRAAT BANKASI A.S.,VISA
444678,T.C. ZIRAAT BANKASI A.S.,VISA
445988,ICBC TURKEY BANK A.S.,VISA
446212,YAPI VE KREDI BANKASI A.S.,VISA
447503,TURK EKONOMI BANKASI A.S.,VISA
447504,T.C. ZIRAAT BANKASI A.S.,VISA
447505,TURKIYE HALK BANKASI A.S.,VISA
448472,TURKIYE GARANTI BANKASI A.S.,VISA
450634,YAPI VE KREDI BANKASI A.S.,VISA
450803,TURKIYE IS BANKASI A.S.,VISA
450918,TURK EKONOMI BANKASI A.S.,VISA
451454,TURKIYE HALK BANKASI A.S.,VISA
453144,AKTIF YATIRIM BANKASI A.S.,VISA
453145,AKTIF YATIRIM BANKASI A.S.,VISA
453146,AKTIF YATIRIM BANKASI A.S.,VISA
453147,AKTIF YATIRIM BANKASI A.S.,VISA
453148,AKTIF YATIRIM BANKASI A.S.,VISA
453149,AKTIF YATIRIM BANKASI A.S.,VISA
454314,TURKIYE IS BANKASI A.S.,VISA
454318,TURKIYE IS BANKASI A.S.,VISA
454358,TURKIYE IS BANKASI A.S.,VISA
454359,TURKIYE IS BANKASI A.S.,VISA
454360,TURKIYE IS BANKASI A.S.,VISA
454671,T.C. ZIRAAT BANKASI A.S.,VISA
454672,T.C. ZIRAAT BANKASI A.S.,VISA
454673,T.C. ZIRAAT BANKASI A.S.,VISA
454674,T.C. ZIRAAT BANKASI A.S.,VISA
455359,YAPI VE KREDI BANKASI A.S.,VISA
455571,ING BANK A.S.,VISA
455645,TURK EKONOMI BANKASI A.S.,VISA
456057,ICBC TURKEY BANK A.S.,VISA
456059,ICBC TURKEY BANK A.S.,VISA
456944,TURKIYE HALK BANKASI A.S.,VISA
459026,TURK EKONOMI BANKASI A.S.,VISA
459068,SEKERBANK T.A.S.,VISA
459252,TURKIYE VAKIFLAR BANKASI T.A.O.,VISA
459333,QNB FINANSBANK A.S.,VISA
460345,DENIZBANK A.S.,VISA
460346,DENIZBANK A.S.,VISA
460347,DENIZBANK A.S.,VISA
460925,TURKIYE IS BANKASI A.S.,VISA
460952,T.C. ZIRAAT BANKASI A.S.,VISA
460957,PAPARA ELEKTRONIK PARA VE ODEME HIZMETLERI AS,VISA
460958,PAPARA ELEKTRONIK PARA VE ODEME HIZMETLERI AS,VISA
460959,PAPARA ELEKTRONIK PARA VE ODEME HIZMETLERI AS,VISA
460962,ININAL ODEME VE ELEKTRONIK PARA HIZMETLERİ A.S.,VISA
462274,TURKIYE GARANTI BANKASI A.S.,VISA
463359,ALBARAKA TURK KATILIM BANKASI A.S,VISA
463367,ININAL ODEME VE ELEKTRONIK PARA HIZMETLERİ A.S.,VISA
466260,TURKIYE HALK BANKASI A.S.,VISA
466280,ALTERNATİF BANK A.S.,VISA
466282,ALTERNATİF BANK A.S.,VISA
466283,ALTERNATİF BANK A.S.,VISA
466284,ALTERNATİF BANK A.S.,VISA
467293,TURKIYE GARANTI BANKASI A.S.,VISA
467294,TURKIYE GARANTI BANKASI A.S.,VISA
467295,TURKIYE GARANTI BANKASI A.S.,VISA
468791,ODEA BANK A.S.,VISA
468793,ODEA BANK A.S.,VISA
468794,ODEA BANK A.S.,VISA
468795,ODEA BANK A.S.,VISA
468796,ODEA BANK A.S.,VISA
468797,ODEA BANK A.S.,VISA
468973,FIBABANKA A.S.,VISA
469180,ODEA BANK A.S.,VISA
469181,ODEA BANK A.S.,VISA
469188,TURK EKONOMI BANKASI A.S.,VISA
469884,T.C. ZIRAAT BANKASI A.S.,VISA
470954,TURKIYE FINANS KATILIM BANKASI  A.S.,VISA
471509,CITIBANK A.Ş.,VISA
471688,TURKCELL ODEME VE ELEKTRONIK PARA HIZMETLERI AS,VISA
472914,DENIZBANK A.S.,VISA
472915,DENIZBANK A.S.,VISA
473945,ININAL ODEME VE ELEKTRONIK PARA HIZMETLERİ A.S.,VISA
473956,TURKIYE IS BANKASI A.S.,VISA
473957,TURKIYE IS BANKASI A.S.,VISA
473998,TURKIYE IS BANKASI A.S.,VISA
474151,TURKIYE GARANTI BANKASI A.S.,VISA
474215,TURKIYE GARANTI BANKASI A.S.,VISA
474301,TURKIYE IS BANKASI A.S.,VISA
474308,TURKIYE IS BANKASI A.S.,VISA
474340,TURKIYE IS BANKASI A.S.,VISA
474508,TURKIYE IS BANKASI A.S.,VISA
474823,ING BANK A.S.,VISA
474853,AKBANK T.A.S.,VISA
474854,AKBANK T.A.S.,VISA
476619,T.C. ZIRAAT BANKASI A.S.,VISA
476625,YAPI VE KREDI BANKASI A.S.,VISA
476626,YAPI VE KREDI BANKASI A.S.,VISA
476662,DENIZBANK A.S.,VISA
477959,YAPI VE KREDI BANKASI A.S.,VISA
478500,ININAL ODEME VE ELEKTRONIK PARA HIZMETLERİ A.S.,VISA
478551,TURKIYE HALK BANKASI A.S.,VISA
478592,TURK ELEKTRONIK PARA A S,VISA
478593,TURK ELEKTRONIK PARA A S,VISA
478594,TURK ELEKTRONIK PARA A S,VISA
479227,TURK EKONOMI BANKASI A.S.,VISA
479610,TURKIYE IS BANKASI A.S.,VISA
479612,YAPI VE KREDI BANKASI A.S.,VISA
479620,YAPI VE KREDI BANKASI A.S.,VISA
479632,ING BANK A.S.,VISA
479633,ING BANK A.S.,VISA
479660,TURKIYE GARANTI BANKASI A.S.,VISA
479661,TURKIYE GARANTI BANKASI A.S.,VISA
479662,TURKIYE GARANTI BANKASI A.S.,VISA
479671,ALBARAKA TURK KATILIM BANKASI A.S,VISA
479679,QNB FINANSBANK A.S.,VISA
479680,AKBANK T.A.S.,VISA
479681,AKBANK T.A.S.,VISA
479682,TURKIYE GARANTI BANKASI A.S.,VISA
479794,YAPI VE KREDI BANKASI A.S.,VISA
479795,YAPI VE KREDI BANKASI A.S.,VISA
479909,TURKIYE VAKIFLAR BANKASI T.A.O.,VISA
479915,TURKIYE FINANS KATILIM BANKASI  A.S.,VISA
479916,TURKIYE FINANS KATILIM BANKASI  A.S.,VISA
479917,TURKIYE FINANS KATILIM BANKASI  A.S.,VISA
480296,ING BANK A.S.,VISA
482465,T.C. ZIRAAT BANKASI A.S.,VISA
482489,TURKIYE GARANTI BANKASI A.S.,VISA
482490,TURKIYE GARANTI BANKASI A.S.,VISA
482491,TURKIYE GARANTI BANKASI A.S.,VISA
483602,TURKIYE IS BANKASI A.S.,VISA
483612,TURKIYE VAKIFLAR BANKASI T.A.O.,VISA
483673,KUVEYT TURK KATILIM BANKASI  A.S.,VISA
483674,KUVEYT TURK KATILIM BANKASI  A.S.,VISA
483703,VAKIF KATILIM BANKASI A.S.,VISA
483704,VAKIF KATILIM BANKASI A.S.,VISA
485061,TURKIYE FINANS KATILIM BANKASI  A.S.,VISA
487074,TURKIYE GARANTI BANKASI A.S.,VISA
487075,TURKIYE GARANTI BANKASI A.S.,VISA
487146,T.C. ZIRAAT BANKASI A.S.,VISA
487147,T.C. ZIRAAT BANKASI A.S.,VISA
487148,T.C. ZIRAAT BANKASI A.S.,VISA
487149,T.C. ZIRAAT BANKASI A.S.,VISA
489375,TURKIYE IS BANKASI A.S.,VISA
489401,SEKERBANK T.A.S.,VISA
489455,TURKIYE GARANTI BANKASI A.S.,VISA
489456,DENIZBANK A.S.,VISA
489458,DENIZBANK A.S.,VISA
489478,TURKIYE GARANTI BANKASI A.S.,VISA
489494,TURK EKONOMI BANKASI A.S.,VISA
489495,TURK EKONOMI BANKASI A.S.,VISA
489496,TURK EKONOMI BANKASI A.S.,VISA
490175,TURKIYE GARANTI BANKASI A.S.,VISA
490805,ING BANK A.S.,VISA
490806,ING BANK A.S.,VISA
490807,ING BANK A.S.,VISA
490808,ING BANK A.S.,VISA
490983,YAPI VE KREDI BANKASI A.S.,VISA
491005,TURKIYE VAKIFLAR BANKASI T.A.O.,VISA
491205,YAPI VE KREDI BANKASI A.S.,VISA
491206,YAPI VE KREDI BANKASI A.S.,VISA
491373,BURGAN BANK A.S.,VISA
492094,TURKIYE HALK BANKASI A.S.,VISA
492095,TURKIYE HALK BANKASI A.S.,VISA
492128,YAPI VE KREDI BANKASI A.S.,VISA
492130,YAPI VE KREDI BANKASI A.S.,VISA
492131,YAPI VE KREDI BANKASI A.S.,VISA
492186,TURKIYE GARANTI BANKASI A.S.,VISA
492187,TURKIYE GARANTI BANKASI A.S.,VISA
492193,TURKIYE GARANTI BANKASI A.S.,VISA
493837,AKBANK T.A.S.,VISA
493840,TURKIYE VAKIFLAR BANKASI T.A.O.,VISA
493841,TURKIYE VAKIFLAR BANKASI T.A.O.,VISA
493845,TURKIYE GARANTI BANKASI A.S.,VISA
493846,TURKIYE VAKIFLAR BANKASI T.A.O.,VISA
494064,SEKERBANK T.A.S.,VISA
494314,YAPI VE KREDI BANKASI A.S.,VISA
496019,HSBC BANK A.S.,VISA
497022,TURK EKONOMI BANKASI A.S.,VISA
498516,BURGAN BANK A.S.,VISA
498517,BURGAN BANK A.S.,VISA
498518,BURGAN BANK A.S.,VISA
498519,BURGAN BANK A.S.,VISA
498520,BURGAN BANK A.S.,VISA
498724,TURKIYE FINANS KATILIM BANKASI  A.S.,VISA
498725,TURKIYE FINANS KATILIM BANKASI  A.S.,VISA
498749,QNB FINANSBANK A.S.,VISA
498852,TURKIYE HALK BANKASI A.S.,VISA
499821,TURKIYE HALK BANKASI A.S.,VISA
499850,QNB FINANSBANK A.S.,VISA
499851,QNB FINANSBANK A.S.,VISA
499852,QNB FINANSBANK A.S.,VISA
499853,QNB FINANSBANK A.S.,VISA
504166,AKTIF YATIRIM BANKASI A.S.,MASTER_CARD
508129,DENIZBANK A.S.,MASTER_CARD
510005,HSBC BANK A.S.,MASTER_CARD
510054,YAPI VE KREDI BANKASI A.S.,MASTER_CARD
510056,TURKIYE HALK BANKASI A.S.,MASTER_CARD
510063,DENIZBANK A.S.,MASTER_CARD
510118,DENIZBANK A.S.,MASTER_CARD
510119,DENIZBANK A.S.,MASTER_CARD
510138,TURK EKONOMI BANKASI A.S.,MASTER_CARD
510139,TURK EKONOMI BANKASI A.S.,MASTER_CARD
510151,ING BANK A.S.,MASTER_CARD
510152,TURKIYE IS BANKASI A.S.,MASTER_CARD
510221,TURK EKONOMI BANKASI A.S.,MASTER_CARD
511583,ALBARAKA TURK KATILIM BANKASI A.S,MASTER_CARD
511660,KUVEYT TURK KATILIM BANKASI  A.S.,MASTER_CARD
511758,TURKIYE FINANS KATILIM BANKASI  A.S.,MASTER_CARD
511783,TURKIYE FINANS KATILIM BANKASI  A.S.,MASTER_CARD
511885,T.C. ZIRAAT BANKASI A.S.,MASTER_CARD
512017,DENIZBANK A.S.,MASTER_CARD
512117,DENIZBANK A.S.,MASTER_CARD
512360,TURKIYE FINANS KATILIM BANKASI  A.S.,MASTER_CARD
512440,T.C. ZIRAAT BANKASI A.S.,MASTER_CARD
512446,DENIZBANK A.S.,MASTER_CARD
512595,KUVEYT TURK KATILIM BANKASI  A.S.,MASTER_CARD
512618,ALTERNATİF BANK A.S.,MASTER_CARD
512651,HSBC BANK A.S.,MASTER_CARD
512753,TURK EKONOMI BANKASI A.S.,MASTER_CARD
512754,AKBANK T.A.S.,MASTER_CARD
512803,TURK EKONOMI BANKASI A.S.,MASTER_CARD
513662,T.C. ZIRAAT BANKASI A.S.,MASTER_CARD
514025,ICBC TURKEY BANK A.S.,MASTER_CARD
514140,ING BANK A.S.,MASTER_CARD
514915,TURKIYE GARANTI BANKASI A.S.,MASTER_CARD
514924,DENIZBANK A.S.,MASTER_CARD
515456,AKTIF YATIRIM BANKASI A.S.,MASTER_CARD
515865,DENIZBANK A.S.,MASTER_CARD
515895,ING BANK A.S.,MASTER_CARD
516308,ALTERNATİF BANK A.S.,MASTER_CARD
516458,ALTERNATİF BANK A.S.,MASTER_CARD
516643,AKBANK T.A.S.,MASTER_CARD
516731,DENIZBANK A.S.,MASTER_CARD
516740,DENIZBANK A.S.,MASTER_CARD
516742,TURK EKONOMI BANKASI A.S.,MASTER_CARD
516789,QNB FINANSBANK A.S.,MASTER_CARD
516835,QNB FINANSBANK A.S.,MASTER_CARD
516840,AKBANK T.A.S.,MASTER_CARD
516841,AKBANK T.A.S.,MASTER_CARD
516843,QNB FINANSBANK A.S.,MASTER_CARD
516846,SEKERBANK T.A.S.,MASTER_CARD
516888,YAPI VE KREDI BANKASI A.S.,MASTER_CARD
516914,DENIZBANK A.S.,MASTER_CARD
516932,T.C. ZIRAAT BANKASI A.S.,MASTER_CARD
516943,TURKIYE GARANTI BANKASI A.S.,MASTER_CARD
516944,ODEA BANK A.S.,MASTER_CARD
516961,TURKIYE GARANTI BANKASI A.S.,MASTER_CARD
517040,TURKIYE GARANTI BANKASI A.S.,MASTER_CARD
517041,TURKIYE GARANTI BANKASI A.S.,MASTER_CARD
517042,TURKIYE GARANTI BANKASI A.S.,MASTER_CARD
517047,DENIZBANK A.S.,MASTER_CARD
517048,TURKIYE GARANTI BANKASI A.S.,MASTER_CARD
517049,TURKIYE GARANTI BANKASI A.S.,MASTER_CARD
517343,AKTIF YATIRIM BANKASI A.S.,MASTER_CARD
517601,FIBABANKA A.S.,MASTER_CARD
517946,ING BANK A.S.,MASTER_CARD
518358,TURKIYE FINANS KATILIM BANKASI  A.S.,MASTER_CARD
518599,TURKISH BANK A.S.,MASTER_CARD
518896,KUVEYT TURK KATILIM BANKASI  A.S.,MASTER_CARD
519261,ODEA BANK A.S.,MASTER_CARD
519324,QNB FINANSBANK A.S.,MASTER_CARD
519399,HSBC BANK A.S.,MASTER_CARD
519753,SEKERBANK T.A.S.,MASTER_CARD
519780,TURK EKONOMI BANKASI A.S.,MASTER_CARD
520017,TURKIYE VAKIFLAR BANKASI T.A.O.,MASTER_CARD
520019,DENIZBANK A.S.,MASTER_CARD
520097,TURKIYE GARANTI BANKASI A.S.,MASTER_CARD
520180,KUVEYT TURK KATILIM BANKASI  A.S.,MASTER_CARD
520303,DENIZBANK A.S.,MASTER_CARD
520527,QNB FINANSBANK A.S.,MASTER_CARD
520653,TURKIYE IS BANKASI A.S.,MASTER_CARD
520909,DENIZBANK A.S.,MASTER_CARD
520922,TURKIYE GARANTI BANKASI A.S.,MASTER_CARD
520932,AKBANK T.A.S.,MASTER_CARD
520940,TURKIYE GARANTI BANKASI A.S.,MASTER_CARD
520988,TURKIYE GARANTI BANKASI A.S.,MASTER_CARD
521022,QNB FINANSBANK A.S.,MASTER_CARD
521378,TURKIYE HALK BANKASI A.S.,MASTER_CARD
521394,SEKERBANK T.A.S.,MASTER_CARD
521584,QNB FINANSBANK A.S.,MASTER_CARD
521807,AKBANK T.A.S.,MASTER_CARD
521824,TURKIYE GARANTI BANKASI A.S.,MASTER_CARD
521825,TURKIYE GARANTI BANKASI A.S.,MASTER_CARD
521832,TURKIYE GARANTI BANKASI A.S.,MASTER_CARD
521836,QNB FINANSBANK A.S.,MASTER_CARD
521848,TURKIYE FINANS KATILIM BANKASI  A.S.,MASTER_CARD
521875,ICBC TURKEY BANK A.S.,MASTER_CARD
521942,AKBANK T.A.S.,MASTER_CARD
522075,FIBABANKA A.S.,MASTER_CARD
522204,TURKIYE GARANTI BANKASI A.S.,MASTER_CARD
522221,ALTERNATİF BANK A.S.,MASTER_CARD
522240,ANADOLUBANK A.S.,MASTER_CARD
522241,ANADOLUBANK A.S.,MASTER_CARD
522347,ODEA BANK A.S.,MASTER_CARD
522356,ODEA BANK A.S.,MASTER_CARD
522362,ODEA BANK A.S.,MASTER_CARD
522441,TURKIYE VAKIFLAR BANKASI T.A.O.,MASTER_CARD
522566,FIBABANKA A.S.,MASTER_CARD
522576,FIBABANKA A.S.,MASTER_CARD
523034,YAPI VE KREDI BANKASI A.S.,MASTER_CARD
523515,DENIZBANK A.S.,MASTER_CARD
523529,T.C. ZIRAAT BANKASI A.S.,MASTER_CARD
523759,BURGAN BANK A.S.,MASTER_CARD
524346,TURK EKONOMI BANKASI A.S.,MASTER_CARD
524347,AKBANK T.A.S.,MASTER_CARD
524627,YAPI VE KREDI BANKASI A.S.,MASTER_CARD
524659,TURKIYE GARANTI BANKASI A.S.,MASTER_CARD
524677,ODEA BANK A.S.,MASTER_CARD
524839,TURK EKONOMI BANKASI A.S.,MASTER_CARD
524840,TURK EKONOMI BANKASI A.S.,MASTER_CARD
525312,KUVEYT TURK KATILIM BANKASI  A.S.,MASTER_CARD
525314,TURK EKONOMI BANKASI A.S.,MASTER_CARD
525329,T.C. ZIRAAT BANKASI A.S.,MASTER_CARD
525339,T.C. ZIRAAT BANKASI A.S.,MASTER_CARD
525382,TURKIYE IS BANKASI A.S.,MASTER_CARD
525404,SEKERBANK T.A.S.,MASTER_CARD
525413,HSBC BANK A.S.,MASTER_CARD
525795,HSBC BANK A.S.,MASTER_CARD
525864,YAPI VE KREDI BANKASI A.S.,MASTER_CARD
526289,TURKIYE HALK BANKASI A.S.,MASTER_CARD
526290,TURKIYE HALK BANKASI A.S.,MASTER_CARD
526911,QNB FINANSBANK A.S.,MASTER_CARD
526952,ODEA BANK A.S.,MASTER_CARD
526955,TURKIYE GARANTI BANKASI A.S.,MASTER_CARD
526973,ING BANK A.S.,MASTER_CARD
526975,ING BANK A.S.,MASTER_CARD
527080,ICBC TURKEY BANK A.S.,MASTER_CARD
527083,KUVEYT TURK KATILIM BANKASI  A.S.,MASTER_CARD
527149,FIBABANKA A.S.,MASTER_CARD
527192,FIBABANKA A.S.,MASTER_CARD
527284,TURKIYE HALK BANKASI A.S.,MASTER_CARD
527327,KUVEYT TURK KATILIM BANKASI  A.S.,MASTER_CARD
527369,ODEA BANK A.S.,MASTER_CARD
527383,ODEA BANK A.S.,MASTER_CARD
527396,ODEA BANK A.S.,MASTER_CARD
527682,T.C. ZIRAAT BANKASI A.S.,MASTER_CARD
527737,T.C. ZIRAAT BANKASI A.S.,MASTER_CARD
527749,T.C. ZIRAAT BANKASI A.S.,MASTER_CARD
527765,FIBABANKA A.S.,MASTER_CARD
528064,ODEA BANK A.S.,MASTER_CARD
528133,KUVEYT TURK KATILIM BANKASI  A.S.,MASTER_CARD
528208,T.C. ZIRAAT BANKASI A.S.,MASTER_CARD
528246,AKTIF YATIRIM BANKASI A.S.,MASTER_CARD
528293,TURKIYE FINANS KATILIM BANKASI  A.S.,MASTER_CARD
528825,TURK EKONOMI BANKASI A.S.,MASTER_CARD
528920,TURK EKONOMI BANKASI A.S.,MASTER_CARD
528926,TURK EKONOMI BANKASI A.S.,MASTER_CARD
528939,TURKIYE GARANTI BANKASI A.S.,MASTER_CARD
528956,TURKIYE GARANTI BANKASI A.S.,MASTER_CARD
529545,DENIZBANK A.S.,MASTER_CARD
529572,QNB FINANSBANK A.S.,MASTER_CARD
529876,DENIZBANK A.S.,MASTER_CARD
529939,TURKISH BANK A.S.,MASTER_CARD
530818,QNB FINANSBANK A.S.,MASTER_CARD
530853,TURK EKONOMI BANKASI A.S.,MASTER_CARD
530866,SEKERBANK T.A.S.,MASTER_CARD
530905,T.C. ZIRAAT BANKASI A.S.,MASTER_CARD
531102,T.C. ZIRAAT BANKASI A.S.,MASTER_CARD
531157,QNB FINANSBANK A.S.,MASTER_CARD
531325,TURK ELEKTRONIK PARA A S,MASTER_CARD
531369,TURKIYE VAKIFLAR BANKASI T.A.O.,MASTER_CARD
531389,PAPARA ELEKTRONIK PARA VE ODEME HIZMETLERI AS,MASTER_CARD
531401,ING BANK A.S.,MASTER_CARD
531531,TURK EKONOMI BANKASI A.S.,MASTER_CARD
532443,ING BANK A.S.,MASTER_CARD
532581,TURK EKONOMI BANKASI A.S.,MASTER_CARD
532813,AKTIF YATIRIM BANKASI A.S.,MASTER_CARD
533154,T.C. ZIRAAT BANKASI A.S.,MASTER_CARD
533169,TURKIYE GARANTI BANKASI A.S.,MASTER_CARD
533207,POSTA VE TELGRAF TEŞKİLATI A.Ş.,MASTER_CARD
533293,DENIZBANK A.S.,MASTER_CARD
533330,DENIZBANK A.S.,MASTER_CARD
533796,ALBARAKA TURK KATILIM BANKASI A.S,MASTER_CARD
533803,TURKIYE IS BANKASI A.S.,MASTER_CARD
533913,YAPI VE KREDI BANKASI A.S.,MASTER_CARD
533973,ALBARAKA TURK KATILIM BANKASI A.S,MASTER_CARD
534253,AKBANK T.A.S.,MASTER_CARD
534261,TURKIYE GARANTI BANKASI A.S.,MASTER_CARD
534264,ALBARAKA TURK KATILIM BANKASI A.S,MASTER_CARD
534538,TURK EKONOMI BANKASI A.S.,MASTER_CARD
534563,AKTIF YATIRIM BANKASI A.S.,MASTER_CARD
534565,AKTIF YATIRIM BANKASI A.S.,MASTER_CARD
534567,AKTIF YATIRIM BANKASI A.S.,MASTER_CARD
534653,TURKIYE IS BANKASI A.S.,MASTER_CARD
534981,T.C. ZIRAAT BANKASI A.S.,MASTER_CARD
535137,ING BANK A.S.,MASTER_CARD
535177,QNB FINANSBANK A.S.,MASTER_CARD
535217,TURK EKONOMI BANKASI A.S.,MASTER_CARD
535241,TURKIYE HALK BANKASI A.S.,MASTER_CARD
535248,ZİRAAT KATILIM BANKASI A.S.,MASTER_CARD
535270,ING BANK A.S.,MASTER_CARD
535279,TURKIYE IS BANKASI A.S.,MASTER_CARD
535280,AKBANK T.A.S.,MASTER_CARD
535355,VAKIF KATILIM BANKASI A.S.,MASTER_CARD
535429,TURKIYE GARANTI BANKASI A.S.,MASTER_CARD
535434,TURKCELL ODEME VE ELEKTRONIK PARA HIZMETLERI AS,MASTER_CARD
535435,YAPI VE KREDI BANKASI A.S.,MASTER_CARD
535449,AKBANK T.A.S.,MASTER_CARD
535488,TURKIYE GARANTI BANKASI A.S.,MASTER_CARD
535514,TURKIYE IS BANKASI A.S.,MASTER_CARD
535576,TURKIYE VAKIFLAR BANKASI T.A.O.,MASTER_CARD
535601,YAPI VE KREDI BANKASI A.S.,MASTER_CARD
535602,YAPI VE KREDI BANKASI A.S.,MASTER_CARD
535616,TURK ELEKTRONIK PARA A S,MASTER_CARD
535735,T.C. ZIRAAT BANKASI A.S.,MASTER_CARD
535748,KUVEYT TURK KATILIM BANKASI  A.S.,MASTER_CARD
535775,TURKIYE VAKIFLAR BANKASI T.A.O.,MASTER_CARD
535806,BURGAN BANK A.S.,MASTER_CARD
535843,AKTIF YATIRIM BANKASI A.S.,MASTER_CARD
535881,ANADOLUBANK A.S.,MASTER_CARD
535925,PAPARA ELEKTRONIK PARA VE ODEME HIZMETLERI AS,MASTER_CARD
536180,ALBARAKA TURK KATILIM BANKASI A.S,MASTER_CARD
536255,ODEA BANK A.S.,MASTER_CARD
536503,TURKIYE HALK BANKASI A.S.,MASTER_CARD
536696,POSTA VE TELGRAF TEŞKİLATI A.Ş.,MASTER_CARD
537058,QNB FINANSBANK A.S.,MASTER_CARD
537470,T.C. ZIRAAT BANKASI A.S.,MASTER_CARD
537475,TURKIYE IS BANKASI A.S.,MASTER_CARD
537500,TURKIYE HALK BANKASI A.S.,MASTER_CARD
537504,TURKIYE VAKIFLAR BANKASI T.A.O.,MASTER_CARD
537518,YAPI VE KREDI BANKASI A.S.,MASTER_CARD
537537,TURK EKONOMI BANKASI A.S.,MASTER_CARD
537548,TURKIYE IS BANKASI A.S.,MASTER_CARD
537567,TURKIYE IS BANKASI A.S.,MASTER_CARD
537608,POSTA VE TELGRAF TEŞKİLATI A.Ş.,MASTER_CARD
537719,TURKIYE FINANS KATILIM BANKASI  A.S.,MASTER_CARD
537829,TURKIYE GARANTI BANKASI A.S.,MASTER_CARD
537833,YAPI VE KREDI BANKASI A.S.,MASTER_CARD
538121,TURKIYE GARANTI BANKASI A.S.,MASTER_CARD
538124,TURKIYE GARANTI BANKASI A.S.,MASTER_CARD
538139,TURKIYE GARANTI BANKASI A.S.,MASTER_CARD
538196,TURKIYE GARANTI BANKASI A.S.,MASTER_CARD
538841,TURK ELEKTRONIK PARA A S,MASTER_CARD
539134,ZİRAAT KATILIM BANKASI A.S.,MASTER_CARD
539374,PAPARA ELEKTRONIK PARA VE ODEME HIZMETLERI AS,MASTER_CARD
539605,DENIZBANK A.S.,MASTER_CARD
539803,KUVEYT TURK KATILIM BANKASI  A.S.,MASTER_CARD
539957,QNB FINANSBANK A.S.,MASTER_CARD
540024,ING BANK A.S.,MASTER_CARD
540025,ING BANK A.S.,MASTER_CARD
540036,TURKIYE GARANTI BANKASI A.S.,MASTER_CARD
540037,TURKIYE GARANTI BANKASI A.S.,MASTER_CARD
540045,TURKIYE VAKIFLAR BANKASI T.A.O.,MASTER_CARD
540046,TURKIYE VAKIFLAR BANKASI T.A.O.,MASTER_CARD
540061,YAPI VE KREDI BANKASI A.S.,MASTER_CARD
540062,YAPI VE KREDI BANKASI A.S.,MASTER_CARD
540063,YAPI VE KREDI BANKASI A.S.,MASTER_CARD
540118,TURKIYE GARANTI BANKASI A.S.,MASTER_CARD
540122,YAPI VE KREDI BANKASI A.S.,MASTER_CARD
540129,YAPI VE KREDI BANKASI A.S.,MASTER_CARD
540130,T.C. ZIRAAT BANKASI A.S.,MASTER_CARD
540134,T.C. ZIRAAT BANKASI A.S.,MASTER_CARD
540226,TURKIYE GARANTI BANKASI A.S.,MASTER_CARD
540227,TURKIYE GARANTI BANKASI A.S.,MASTER_CARD
540435,TURKIYE HALK BANKASI A.S.,MASTER_CARD
540643,HSBC BANK A.S.,MASTER_CARD
540667,TURKIYE IS BANKASI A.S.,MASTER_CARD
540668,TURKIYE IS BANKASI A.S.,MASTER_CARD
540669,TURKIYE GARANTI BANKASI A.S.,MASTER_CARD
540709,TURKIYE GARANTI BANKASI A.S.,MASTER_CARD
541786,TURKIYE FINANS KATILIM BANKASI  A.S.,MASTER_CARD
541865,TURKIYE GARANTI BANKASI A.S.,MASTER_CARD
542029,ING BANK A.S.,MASTER_CARD
542030,TURKIYE GARANTI BANKASI A.S.,MASTER_CARD
542117,YAPI VE KREDI BANKASI A.S.,MASTER_CARD
542119,TURKIYE VAKIFLAR BANKASI T.A.O.,MASTER_CARD
542254,HSBC BANK A.S.,MASTER_CARD
542259,TURK EKONOMI BANKASI A.S.,MASTER_CARD
542374,T.C. ZIRAAT BANKASI A.S.,MASTER_CARD
542404,QNB FINANSBANK A.S.,MASTER_CARD
542415,TURK ELEKTRONIK PARA A S,MASTER_CARD
542605,ING BANK A.S.,MASTER_CARD
542798,TURKIYE VAKIFLAR BANKASI T.A.O.,MASTER_CARD
542804,TURKIYE VAKIFLAR BANKASI T.A.O.,MASTER_CARD
542941,T.C. ZIRAAT BANKASI A.S.,MASTER_CARD
542965,ING BANK A.S.,MASTER_CARD
542967,ING BANK A.S.,MASTER_CARD
543081,TURKIYE HALK BANKASI A.S.,MASTER_CARD
543358,DENIZBANK A.S.,MASTER_CARD
543427,DENIZBANK A.S.,MASTER_CARD
543624,FIBABANKA A.S.,MASTER_CARD
543738,TURKIYE GARANTI BANKASI A.S.,MASTER_CARD
543771,TURKIYE IS BANKASI A.S.,MASTER_CARD
544078,TURKIYE GARANTI BANKASI A.S.,MASTER_CARD
544294,TURKIYE GARANTI BANKASI A.S.,MASTER_CARD
544836,ALTERNATİF BANK A.S.,MASTER_CARD
545102,TURKIYE GARANTI BANKASI A.S.,MASTER_CARD
545103,YAPI VE KREDI BANKASI A.S.,MASTER_CARD
545120,QNB FINANSBANK A.S.,MASTER_CARD
545124,TURK EKONOMI BANKASI A.S.,MASTER_CARD
545148,TURK EKONOMI BANKASI A.S.,MASTER_CARD
545183,HSBC BANK A.S.,MASTER_CARD
545254,TURKIYE IS BANKASI A.S.,MASTER_CARD
545616,QNB FINANSBANK A.S.,MASTER_CARD
545769,ICBC TURKEY BANK A.S.,MASTER_CARD
545770,ICBC TURKEY BANK A.S.,MASTER_CARD
545847,QNB FINANSBANK A.S.,MASTER_CARD
546001,TURKIYE GARANTI BANKASI A.S.,MASTER_CARD
546764,DENIZBANK A.S.,MASTER_CARD
546957,T.C. ZIRAAT BANKASI A.S.,MASTER_CARD
547234,ALBARAKA TURK KATILIM BANKASI A.S,MASTER_CARD
547244,TURKIYE VAKIFLAR BANKASI T.A.O.,MASTER_CARD
547287,T.C. ZIRAAT BANKASI A.S.,MASTER_CARD
547311,SEKERBANK T.A.S.,MASTER_CARD
547564,KUVEYT TURK KATILIM BANKASI  A.S.,MASTER_CARD
547567,QNB FINANSBANK A.S.,MASTER_CARD
547765,ING BANK A.S.,MASTER_CARD
547772,QNB FINANSBANK A.S.,MASTER_CARD
547800,QNB FINANSBANK A.S.,MASTER_CARD
547980,VAKIF KATILIM BANKASI A.S.,MASTER_CARD
547985,TURK EKONOMI BANKASI A.S.,MASTER_CARD
548202,BURGAN BANK A.S.,MASTER_CARD
548232,ALBARAKA TURK KATILIM BANKASI A.S,MASTER_CARD
548237,TURKIYE IS BANKASI A.S.,MASTER_CARD
548434,BURGAN BANK A.S.,MASTER_CARD
548793,PAPARA ELEKTRONIK PARA VE ODEME HIZMETLERI AS,MASTER_CARD
548819,ING BANK A.S.,MASTER_CARD
548935,TURKIYE GARANTI BANKASI A.S.,MASTER_CARD
549208,SEKERBANK T.A.S.,MASTER_CARD
549294,TURKIYE FINANS KATILIM BANKASI  A.S.,MASTER_CARD
549394,SEKERBANK T.A.S.,MASTER_CARD
549449,T.C. ZIRAAT BANKASI A.S.,MASTER_CARD
549539,AKTIF YATIRIM BANKASI A.S.,MASTER_CARD
549624,YAPI VE KREDI BANKASI A.S.,MASTER_CARD
549839,DENIZBANK A.S.,MASTER_CARD
549997,TURKIYE GARANTI BANKASI A.S.,MASTER_CARD
549998,TURK EKONOMI BANKASI A.S.,MASTER_CARD
550074,ING BANK A.S.,MASTER_CARD
550383,AKBANK T.A.S.,VISA
550449,TURK EKONOMI BANKASI A.S.,MASTER_CARD
550472,HSBC BANK A.S.,MASTER_CARD
550473,HSBC BANK A.S.,MASTER_CARD
550478,ING BANK A.S.,MASTER_CARD
552095,TURKIYE GARANTI BANKASI A.S.,MASTER_CARD
552096,TURKIYE IS BANKASI A.S.,MASTER_CARD
552098,TURKISH BANK A.S.,MASTER_CARD
552101,TURKIYE VAKIFLAR BANKASI T.A.O.,MASTER_CARD
552143,HSBC BANK A.S.,MASTER_CARD
552207,TURK EKONOMI BANKASI A.S.,MASTER_CARD
552608,AKBANK T.A.S.,MASTER_CARD
552609,AKBANK T.A.S.,MASTER_CARD
552610,TURKIYE FINANS KATILIM BANKASI  A.S.,MASTER_CARD
552645,YAPI VE KREDI BANKASI A.S.,MASTER_CARD
552659,YAPI VE KREDI BANKASI A.S.,MASTER_CARD
552679,DENIZBANK A.S.,MASTER_CARD
552879,TURKIYE HALK BANKASI A.S.,MASTER_CARD
553056,AKBANK T.A.S.,MASTER_CARD
553058,TURKIYE IS BANKASI A.S.,MASTER_CARD
553090,TURK EKONOMI BANKASI A.S.,MASTER_CARD
553130,TURKIYE GARANTI BANKASI A.S.,MASTER_CARD
553493,CITIBANK A.Ş.,MASTER_CARD
554034,BURGAN BANK A.S.,MASTER_CARD
554253,TURKIYE GARANTI BANKASI A.S.,MASTER_CARD
554254,TURKIYE GARANTI BANKASI A.S.,MASTER_CARD
554297,ING BANK A.S.,MASTER_CARD
554301,ANADOLUBANK A.S.,MASTER_CARD
554422,YAPI VE KREDI BANKASI A.S.,MASTER_CARD
554548,TURKIYE VAKIFLAR BANKASI T.A.O.,MASTER_CARD
554570,ING BANK A.S.,MASTER_CARD
554796,TURKIYE GARANTI BANKASI A.S.,MASTER_CARD
554960,TURKIYE GARANTI BANKASI A.S.,MASTER_CARD
555087,CITIBANK A.Ş.,MASTER_CARD
555467,TURKIYE VAKIFLAR BANKASI T.A.O.,MASTER_CARD
555574,DENIZBANK A.S.,MASTER_CARD
555636,DENIZBANK A.S.,MASTER_CARD
555660,DENIZBANK A.S.,MASTER_CARD
556030,HSBC BANK A.S.,MASTER_CARD
556031,HSBC BANK A.S.,MASTER_CARD
556033,HSBC BANK A.S.,MASTER_CARD
556034,HSBC BANK A.S.,MASTER_CARD
556665,HSBC BANK A.S.,MASTER_CARD
557023,TURKIYE GARANTI BANKASI A.S.,MASTER_CARD
557113,AKBANK T.A.S.,MASTER_CARD
557370,KUVEYT TURK KATILIM BANKASI  A.S.,MASTER_CARD
557374,FIBABANKA A.S.,MASTER_CARD
557829,AKBANK T.A.S.,MASTER_CARD
557844,T.C. ZIRAAT BANKASI A.S.,MASTER_CARD
558030,TURKISH BANK A.S.,MASTER_CARD
558379,BURGAN BANK A.S.,MASTER_CARD
558443,DENIZBANK A.S.,MASTER_CARD
558446,DENIZBANK A.S.,MASTER_CARD
558448,DENIZBANK A.S.,MASTER_CARD
558460,DENIZBANK A.S.,MASTER_CARD
558485,ALTERNATİF BANK A.S.,MASTER_CARD
558514,DENIZBANK A.S.,MASTER_CARD
558593,ANADOLUBANK A.S.,MASTER_CARD
558634,ICBC TURKEY BANK A.S.,MASTER_CARD
558699,TURKIYE GARANTI BANKASI A.S.,MASTER_CARD
559056,FIBABANKA A.S.,MASTER_CARD
559096,QNB FINANSBANK A.S.,MASTER_CARD
559289,TURKIYE IS BANKASI A.S.,MASTER_CARD
559964,TURK ELEKTRONIK PARA A S,MASTER_CARD
581877,AKTIF YATIRIM BANKASI A.S.,MASTER_CARD
589004,AKBANK T.A.S.,MASTER_CARD
589283,TURKIYE IS BANKASI A.S.,MASTER_CARD
589288,TURKISH BANK A.S.,MASTER_CARD
589311,TURKIYE VAKIFLAR BANKASI T.A.O.,MASTER_CARD
589318,TURKIYE GARANTI BANKASI A.S.,MASTER_CARD
589416,ICBC TURKEY BANK A.S.,MASTER_CARD
589713,SEKERBANK T.A.S.,MASTER_CARD
600652,TURKIYE IS BANKASI A.S.,MASTER_CARD
601050,QNB FINANSBANK A.S.,MASTER_CARD
601912,DENIZBANK A.S.,MASTER_CARD
603005,TURKLAND BANK A.Ş.,MASTER_CARD
603072,ANADOLUBANK A.S.,MASTER_CARD
603322,ING BANK A.S.,MASTER_CARD
603343,FIBABANKA A.S.,MASTER_CARD
603344,TURKIYE GARANTI BANKASI A.S.,MASTER_CARD
603650,TURKIYE GARANTI BANKASI A.S.,MASTER_CARD
603797,YAPI VE KREDI BANKASI A.S.,MASTER_CARD
606043,TURKIYE FINANS KATILIM BANKASI  A.S.,MASTER_CARD
606329,TURK EKONOMI BANKASI A.S.,MASTER_CARD
622403,TURKIYE GARANTI BANKASI A.S.,MASTER_CARD
627510,ALBARAKA TURK KATILIM BANKASI A.S,MASTER_CARD
627768,ALTERNATİF BANK A.S.,MASTER_CARD
638888,TURKIYE GARANTI BANKASI A.S.,MASTER_CARD
639001,TURKIYE HALK BANKASI A.S.,MASTER_CARD
639004,YAPI VE KREDI BANKASI A.S.,MASTER_CARD
650052,TURKIYE VAKIFLAR BANKASI T.A.O.,TROY
650082,TURKIYE IS BANKASI A.S.,TROY
650083,T.C. ZIRAAT BANKASI A.S.,TROY
650092,TURKIYE IS BANKASI A.S.,TROY
650161,YAPI VE KREDI BANKASI A.S.,TROY
650170,TURKIYE VAKIFLAR BANKASI T.A.O.,TROY
650173,TURKIYE IS BANKASI A.S.,TROY
650175,SEKERBANK T.A.S.,TROY
650268,T.C. ZIRAAT BANKASI A.S.,TROY
650273,T.C. ZIRAAT BANKASI A.S.,TROY
650274,T.C. ZIRAAT BANKASI A.S.,TROY
650456,TURKIYE IS BANKASI A.S.,TROY
650457,TURK ELEKTRONIK PARA A S,TROY
650987,TURKIYE IS BANKASI A.S.,TROY
650990,TURKIYE IS BANKASI A.S.,TROY
654997,ALTERNATİF BANK A.S.,TROY
657366,YAPI VE KREDI BANKASI A.S.,TROY
657998,YAPI VE KREDI BANKASI A.S.,TROY
670544,VAKIF KATILIM BANKASI A.S.,MASTER_CARD
670586,ZİRAAT KATILIM BANKASI A.S.,MASTER_CARD
670606,TURKIYE GARANTI BANKASI A.S.,MASTER_CARD
670610,DENIZBANK A.S.,MASTER_CARD
670640,DENIZBANK A.S.,MASTER_CARD
670670,ALTERNATİF BANK A.S.,MASTER_CARD
670868,Bank'O Card,MASTER_CARD
671121,AKTIF YATIRIM BANKASI A.S.,MASTER_CARD
671155,AKTIF YATIRIM BANKASI A.S.,MASTER_CARD
671200,POSTA VE TELGRAF TEŞKİLATI A.Ş.,MASTER_CARD
671217,FIBABANKA A.S.,MASTER_CARD
676123,T.C. ZIRAAT BANKASI A.S.,MASTER_CARD
676124,T.C. ZIRAAT BANKASI A.S.,MASTER_CARD
676166,YAPI VE KREDI BANKASI A.S.,MASTER_CARD
676255,TURKIYE GARANTI BANKASI A.S.,MASTER_CARD
676258,TURKIYE HALK BANKASI A.S.,MASTER_CARD
676283,TURKIYE GARANTI BANKASI A.S.,MASTER_CARD
676366,ING BANK A.S.,MASTER_CARD
676401,HSBC BANK A.S.,MASTER_CARD
676402,ING BANK A.S.,MASTER_CARD
676406,TURK EKONOMI BANKASI A.S.,MASTER_CARD
676429,TURKLAND BANK A.Ş.,MASTER_CARD
676460,ANADOLUBANK A.S.,MASTER_CARD
676578,TURK EKONOMI BANKASI A.S.,MASTER_CARD
676651,TURKIYE GARANTI BANKASI A.S.,MASTER_CARD
676827,TURKIYE GARANTI BANKASI A.S.,MASTER_CARD
676832,SEKERBANK T.A.S.,MASTER_CARD
677047,DENIZBANK A.S.,MASTER_CARD
677055,KUVEYT TURK KATILIM BANKASI  A.S.,MASTER_CARD
677193,HSBC BANK A.S.,MASTER_CARD
677238,QNB FINANSBANK A.S.,MASTER_CARD
677397,ALBARAKA TURK KATILIM BANKASI A.S,MASTER_CARD
677451,TURKIYE FINANS KATILIM BANKASI  A.S.,MASTER_CARD
677522,TURKISH BANK A.S.,MASTER_CARD
685800,TURKIYE GARANTI BANKASI A.S.,MASTER_CARD
700019,TURKIYE IS BANKASI A.S.,MASTER_CARD
900014,TURKIYE GARANTI BANKASI A.S.,TROY
979202,QNB FINANSBANK A.S.,TROY
979203,QNB FINANSBANK A.S.,TROY
979204,TURKIYE IS BANKASI A.S.,TROY
979205,TURKIYE GARANTI BANKASI A.S.,TROY
979206,AKBANK T.A.S.,TROY
979207,AKBANK T.A.S.,TROY
979208,AKBANK T.A.S.,TROY
979209,TURKIYE VAKIFLAR BANKASI T.A.O.,TROY
979210,TURKIYE HALK BANKASI A.S.,TROY
979211,SEKERBANK T.A.S.,TROY
979212,TURKIYE HALK BANKASI A.S.,TROY
979213,AKTIF YATIRIM BANKASI A.S.,TROY
979214,HSBC BANK A.S.,TROY
979215,YAPI VE KREDI BANKASI A.S.,TROY
979216,KUVEYT TURK KATILIM BANKASI  A.S.,TROY
979217,T.C. ZIRAAT BANKASI A.S.,TROY
979218,TURKIYE FINANS KATILIM BANKASI  A.S.,TROY
979219,ODEA BANK A.S.,TROY
979220,DENIZBANK A.S.,TROY
979221,ZİRAAT KATILIM BANKASI A.S.,TROY
979223,TURK EKONOMI BANKASI A.S.,TROY
979224,ING BANK A.S.,TROY
979225,FIBABANKA A.S.,TROY
979226,ALBARAKA TURK KATILIM BANKASI A.S,TROY
979227,ALBARAKA TURK KATILIM BANKASI A.S,TROY
979228,ALTERNATİF BANK A.S.,TROY
979230,VAKIF KATILIM BANKASI A.S.,TROY
979233,TURKIYE IS BANKASI A.S.,TROY
979235,TURK ELEKTRONIK PARA A S,TROY
979236,TURKIYE GARANTI BANKASI A.S.,TROY
979238,TURKIYE HALK BANKASI A.S.,TROY
979239,ICBC TURKEY BANK A.S.,TROY
979240,ANADOLUBANK A.S.,TROY
979241,YAPI VE KREDI BANKASI A.S.,TROY
979242,ING BANK A.S.,TROY
979243,DENIZBANK A.S.,TROY
979244,TURKIYE HALK BANKASI A.S.,TROY
979245,TURKIYE HALK BANKASI A.S.,TROY
979246,AKTIF YATIRIM BANKASI A.S.,TROY
979248,TURK ELEKTRONIK PARA A S,TROY
979249,POSTA VE TELGRAF TEŞKİLATI A.Ş.,TROY
979250,VAKIF KATILIM BANKASI A.S.,TROY
979252,ANADOLUBANK A.S.,TROY
979254,POSTA VE TELGRAF TEŞKİLATI A.Ş.,TROY
979256,TURKIYE VAKIFLAR BANKASI T.A.O.,TROY
979257,TURK ELEKTRONIK PARA A S,TROY
979259,POSTA VE TELGRAF TEŞKİLATI A.Ş.,TROY
979260,PALADYUM ELEKTRONİK PARA VE ÖDEME HİZMETLERİ A.Ş.,TROY
979263,YAPI VE KREDI BANKASI A.S.,TROY
979264,TURK EKONOMI BANKASI A.S.,TROY
979265,VAKIF KATILIM BANKASI A.S.,TROY
979266,ININAL ODEME VE ELEKTRONIK PARA HIZMETLERİ A.S.,TROY
979267,KUVEYT TURK KATILIM BANKASI  A.S.,TROY
979268,SEKERBANK T.A.S.,TROY
979271,SIPAY ELEKTRONIK PARA VE ODEME HIZMETLERI AS,TROY
979273,BIRLESIK ODEME HIZMETLERI VE ELEKTRONIK PARA AS,TROY
979277,POSTA VE TELGRAF TEŞKİLATI A.Ş.,TROY
979278,POSTA VE TELGRAF TEŞKİLATI A.Ş.,TROY
979280,T.C. ZIRAAT BANKASI A.S.,TROY
540063,YAPI VE KREDI BANKASI A.S.,MASTER_CARD
540061,YAPI VE KREDI BANKASI A.S.,MASTER_CARD
524347,AKBANK T.A.S.,MASTER_CARD
521807,AKBANK T.A.S.,MASTER_CARD
512803,TURK EKONOMI BANKASI A.S.,MASTER_CARD
557829,AKBANK T.A.S.,MASTER_CARD
543081,TURKIYE HALK BANKASI A.S.,MASTER_CARD
510139,TURK EKONOMI BANKASI A.S.,MASTER_CARD
535805,IYZI ODEME VE ELEKTRONIK PARA HIZMETLERI AS,MASTER_CARD
557113,AKBANK T.A.S.,MASTER_CARD
516840,AKBANK T.A.S.,MASTER_CARD
520180,KUVEYT TURK KATILIM BANKASI  A.S.,MASTER_CARD
531389,PAPARA ELEKTRONIK PARA VE ODEME HIZMETLERI AS,MASTER_CARD
535601,YAPI VE KREDI BANKASI A.S.,MASTER_CARD
542119,TURKIYE VAKIFLAR BANKASI T.A.O.,MASTER_CARD
552879,TURKIYE HALK BANKASI A.S.,MASTER_CARD
540062,YAPI VE KREDI BANKASI A.S.,MASTER_CARD
525864,YAPI VE KREDI BANKASI A.S.,MASTER_CARD
537537,TURK EKONOMI BANKASI A.S.,MASTER_CARD
516643,AKBANK T.A.S.,MASTER_CARD
520932,AKBANK T.A.S.,MASTER_CARD
521378,TURKIYE HALK BANKASI A.S.,MASTER_CARD
540045,TURKIYE VAKIFLAR BANKASI T.A.O.,MASTER_CARD
521848,TURKIYE FINANS KATILIM BANKASI  A.S.,MASTER_CARD
538399,TOM PAY ELEKTRONIK PARA VE ODEME HIZMETLERI AS,MASTER_CARD
512754,AKBANK T.A.S.,MASTER_CARD
510056,TURKIYE HALK BANKASI A.S.,MASTER_CARD
542804,TURKIYE VAKIFLAR BANKASI T.A.O.,MASTER_CARD
535217,TURK EKONOMI BANKASI A.S.,MASTER_CARD
518896,KUVEYT TURK KATILIM BANKASI  A.S.,MASTER_CARD
552609,AKBANK T.A.S.,MASTER_CARD
535576,TURKIYE VAKIFLAR BANKASI T.A.O.,MASTER_CARD
532813,AKTIF YATIRIM BANKASI A.S.,MASTER_CARD
606043,TURKIYE FINANS KATILIM BANKASI  A.S.,MASTER_CARD
542798,TURKIYE VAKIFLAR BANKASI T.A.O.,MASTER_CARD
526290,TURKIYE HALK BANKASI A.S.,MASTER_CARD
541876,TOM KATILIM BANKASI A.S,MASTER_CARD
552101,TURKIYE VAKIFLAR BANKASI T.A.O.,MASTER_CARD
540435,TURKIYE HALK BANKASI A.S.,MASTER_CARD
537833,YAPI VE KREDI BANKASI A.S.,MASTER_CARD
548793,PAPARA ELEKTRONIK PARA VE ODEME HIZMETLERI AS,MASTER_CARD
532443,ING BANK A.S.,MASTER_CARD
537719,TURKIYE FINANS KATILIM BANKASI  A.S.,MASTER_CARD
542117,YAPI VE KREDI BANKASI A.S.,MASTER_CARD
545847,QNB FINANSBANK A.S.,MASTER_CARD
548232,ALBARAKA TURK KATILIM BANKASI A.S,MASTER_CARD
519324,QNB FINANSBANK A.S.,MASTER_CARD
530341,BELBIM ELEKTRONIK PARA VE ODEME HIZMETLERI AS,MASTER_CARD
521022,QNB FINANSBANK A.S.,MASTER_CARD
581476,TEXAS REGIONAL BANK,MASTER_CARD
531157,QNB FINANSBANK A.S.,MASTER_CARD
549294,TURKIYE FINANS KATILIM BANKASI  A.S.,MASTER_CARD
520017,TURKIYE VAKIFLAR BANKASI T.A.O.,MASTER_CARD
538841,TURK ELEKTRONIK PARA A S,MASTER_CARD
547244,TURKIYE VAKIFLAR BANKASI T.A.O.,MASTER_CARD
526911,QNB FINANSBANK A.S.,MASTER_CARD
528926,TURK EKONOMI BANKASI A.S.,MASTER_CARD
535435,YAPI VE KREDI BANKASI A.S.,MASTER_CARD
535616,TURK ELEKTRONIK PARA A S,MASTER_CARD
516835,QNB FINANSBANK A.S.,MASTER_CARD
534060,TT ODEME VE ELEKTRONIK PARA HIZMETLERI A.S.,MASTER_CARD
552645,YAPI VE KREDI BANKASI A.S.,MASTER_CARD
533796,ALBARAKA TURK KATILIM BANKASI A.S,MASTER_CARD
535177,QNB FINANSBANK A.S.,MASTER_CARD
539374,PAPARA ELEKTRONIK PARA VE ODEME HIZMETLERI AS,MASTER_CARD
545616,QNB FINANSBANK A.S.,MASTER_CARD
528133,KUVEYT TURK KATILIM BANKASI  A.S.,MASTER_CARD
537058,QNB FINANSBANK A.S.,MASTER_CARD
531237,PAPARA ELEKTRONIK PARA VE ODEME HIZMETLERI AS,MASTER_CARD
510152,TURKIYE IS BANKASI A.S.,MASTER_CARD
510005,HSBC BANK A.S.,MASTER_CARD
550074,ING BANK A.S.,MASTER_CARD
519653,SIPAY ELEKTRONIK PARA VE ODEME HIZMETLERI AS,MASTER_CARD
510221,TURK EKONOMI BANKASI A.S.,MASTER_CARD
516357,AKTIF YATIRIM BANKASI A.S.,MASTER_CARD
528920,TURK EKONOMI BANKASI A.S.,MASTER_CARD
534563,AKTIF YATIRIM BANKASI A.S.,MASTER_CARD
531325,TURK ELEKTRONIK PARA A S,MASTER_CARD
540046,TURKIYE VAKIFLAR BANKASI T.A.O.,MASTER_CARD
544937,TURKIYE GARANTI BANKASI A.S.,MASTER_CARD
536202,FIBABANKA A.S.,MASTER_CARD
639004,YAPI VE KREDI BANKASI A.S.,MASTER_CARD
531369,TURKIYE VAKIFLAR BANKASI T.A.O.,MASTER_CARD
524346,TURK EKONOMI BANKASI A.S.,MASTER_CARD
537475,TURKIYE IS BANKASI A.S.,MASTER_CARD
512595,KUVEYT TURK KATILIM BANKASI  A.S.,MASTER_CARD
542694,TURKIYE HALK BANKASI A.S.,MASTER_CARD
529534,FIBABANKA A.S.,MASTER_CARD
527749,T.C. ZIRAAT BANKASI A.S.,MASTER_CARD
537500,TURKIYE HALK BANKASI A.S.,MASTER_CARD
531401,ING BANK A.S.,MASTER_CARD
542624,PAPEL ELEKTRONIK PARA VE ODEME HIZMETLERI A S,MASTER_CARD
534264,ALBARAKA TURK KATILIM BANKASI A.S,MASTER_CARD
516841,AKBANK T.A.S.,MASTER_CARD
540122,YAPI VE KREDI BANKASI A.S.,MASTER_CARD
527823,BIRLESIK ODEME HIZMETLERI VE ELEKTRONIK PARA AS,MASTER_CARD
676460,ANADOLUBANK A.S.,MASTER_CARD
535806,BURGAN BANK A.S.,MASTER_CARD
535714,UAB ZEN.COM,MASTER_CARD
544422,JS BANK LIMITED,MASTER_CARD
553056,AKBANK T.A.S.,MASTER_CARD
532394,QNB FINANSBANK A.S.,MASTER_CARD
519780,TURK EKONOMI BANKASI A.S.,MASTER_CARD
557370,KUVEYT TURK KATILIM BANKASI  A.S.,MASTER_CARD
522989,BIRLESIK ODEME HIZMETLERI VE ELEKTRONIK PARA AS,MASTER_CARD
523034,YAPI VE KREDI BANKASI A.S.,MASTER_CARD
526263,MASTERCARD INTERNATIONAL,MASTER_CARD
552610,TURKIYE FINANS KATILIM BANKASI  A.S.,MASTER_CARD
520303,DENIZBANK A.S.,MASTER_CARD
527369,ODEA BANK A.S.,MASTER_CARD
541875,BURGAN BANK A.S.,MASTER_CARD
511660,KUVEYT TURK KATILIM BANKASI  A.S.,MASTER_CARD
535355,VAKIF KATILIM BANKASI A.S.,MASTER_CARD
531531,TURK EKONOMI BANKASI A.S.,MASTER_CARD
545334,JPMORGAN CHASE BANK N.A.,MASTER_CARD
545044,TURKCELL ODEME VE ELEKTRONIK PARA HIZMETLERI AS,MASTER_CARD
543771,TURKIYE IS BANKASI A.S.,MASTER_CARD
528064,ODEA BANK A.S.,MASTER_CARD
528246,AKTIF YATIRIM BANKASI A.S.,MASTER_CARD
522021,FIBABANKA A.S.,MASTER_CARD
511758,TURKIYE FINANS KATILIM BANKASI  A.S.,MASTER_CARD
535280,AKBANK T.A.S.,MASTER_CARD
525604,FIBABANKA A.S.,MASTER_CARD
524677,ODEA BANK A.S.,MASTER_CARD
516740,DENIZBANK A.S.,MASTER_CARD
529876,DENIZBANK A.S.,MASTER_CARD
555574,DENIZBANK A.S.,MASTER_CARD
529545,DENIZBANK A.S.,MASTER_CARD
555660,DENIZBANK A.S.,MASTER_CARD
512017,DENIZBANK A.S.,MASTER_CARD
520745,FIBABANKA A.S.,MASTER_CARD
543427,DENIZBANK A.S.,MASTER_CARD
540667,TURKIYE IS BANKASI A.S.,MASTER_CARD
526952,ODEA BANK A.S.,MASTER_CARD
520019,DENIZBANK A.S.,MASTER_CARD
535434,TURKCELL ODEME VE ELEKTRONIK PARA HIZMETLERI AS,MASTER_CARD
510119,DENIZBANK A.S.,MASTER_CARD
514924,DENIZBANK A.S.,MASTER_CARD
510118,DENIZBANK A.S.,MASTER_CARD
549839,DENIZBANK A.S.,MASTER_CARD
534538,TURK EKONOMI BANKASI A.S.,MASTER_CARD
540668,TURKIYE IS BANKASI A.S.,MASTER_CARD
526975,ING BANK A.S.,MASTER_CARD
539634,REPUBLIC BANK & TRUST COMPANY,MASTER_CARD
510063,DENIZBANK A.S.,MASTER_CARD
555467,TURKIYE VAKIFLAR BANKASI T.A.O.,MASTER_CARD
542967,ING BANK A.S.,MASTER_CARD
517047,DENIZBANK A.S.,MASTER_CARD
547567,QNB FINANSBANK A.S.,MASTER_CARD
533207,POSTAL AND TELEGRAPH CORPORATION,MASTER_CARD
512117,DENIZBANK A.S.,MASTER_CARD
554301,ANADOLUBANK A.S.,MASTER_CARD
535270,ING BANK A.S.,MASTER_CARD
557374,FIBABANKA A.S.,MASTER_CARD
558443,DENIZBANK A.S.,MASTER_CARD
524907,BIRLESIK ODEME HIZMETLERI VE ELEKTRONIK PARA AS,MASTER_CARD
519261,ODEA BANK A.S.,MASTER_CARD
526289,TURKIYE HALK BANKASI A.S.,MASTER_CARD
526973,ING BANK A.S.,MASTER_CARD
510151,ING BANK A.S.,MASTER_CARD
671200,POSTAL AND TELEGRAPH CORPORATION,MASTER_CARD
533330,DENIZBANK A.S.,MASTER_CARD
547800,QNB FINANSBANK A.S.,MASTER_CARD
537100,SUTTON BANK,MASTER_CARD
530303,MASTERCARD INTERNATIONAL,MASTER_CARD
531790,BPN ODEME VE ELEKTRONIK PARA HIZMETLERI ANONIM SIRKETI,MASTER_CARD
558030,TURKISH BANK A.S.,MASTER_CARD
511583,ALBARAKA TURK KATILIM BANKASI A.S,MASTER_CARD
513127,CREDIT AGRICOLE S.A.,MASTER_CARD
558460,DENIZBANK A.S.,MASTER_CARD
510258,"BANCORP BANK, THE",MASTER_CARD
539375,OZANPAY,MASTER_CARD
526430,UNICREDIT SPA,MASTER_CARD
538124,TURKIYE GARANTI BANKASI A.S.,MASTER_CARD
535602,YAPI VE KREDI BANKASI A.S.,MASTER_CARD
543029,ROMANIAN COMMERCIAL BANK S.A. - BANCA COMERCIALA ROMANA S.A.,MASTER_CARD
527325,FIBABANKA A.S.,MASTER_CARD
531956,QNB FINANSBANK A.S.,MASTER_CARD
532639,ALBARAKA TURK KATILIM BANKASI A.S,MASTER_CARD
555330,FIRST STATE COMMUNITY BANK,MASTER_CARD
512440,T.C. ZIRAAT BANKASI A.S.,MASTER_CARD
542374,T.C. ZIRAAT BANKASI A.S.,MASTER_CARD
523529,T.C. ZIRAAT BANKASI A.S.,MASTER_CARD
536480,QNB FINANSBANK A.S.,MASTER_CARD
527682,T.C. ZIRAAT BANKASI A.S.,MASTER_CARD
532607,QNB FINANSBANK A.S.,MASTER_CARD
534981,T.C. ZIRAAT BANKASI A.S.,MASTER_CARD
530905,T.C. ZIRAAT BANKASI A.S.,MASTER_CARD
535241,TURKIYE HALK BANKASI A.S.,MASTER_CARD
547287,T.C. ZIRAAT BANKASI A.S.,MASTER_CARD
525413,HSBC BANK A.S.,MASTER_CARD
553090,TURK EKONOMI BANKASI A.S.,MASTER_CARD
527149,BIRLESIK ODEME HIZMETLERI VE ELEKTRONIK PARA AS,MASTER_CARD
552433,"BANK OF AMERICA, NATIONAL ASSOCIATION",MASTER_CARD
555616,SANTANDER BANK POLSKA S.A.,MASTER_CARD
533154,T.C. ZIRAAT BANKASI A.S.,MASTER_CARD
550478,ING BANK A.S.,MASTER_CARD
516741,DENIZBANK A.S.,MASTER_CARD
528208,T.C. ZIRAAT BANKASI A.S.,MASTER_CARD
527383,ODEA BANK A.S.,MASTER_CARD
537889,FIBABANKA A.S.,MASTER_CARD
535414,MASTERCARD INTERNATIONAL,MASTER_CARD
554593,UNICREDIT BANK SA,MASTER_CARD
554960,TURKIYE GARANTI BANKASI A.S.,MASTER_CARD
544078,TURKIYE GARANTI BANKASI A.S.,MASTER_CARD
540709,TURKIYE GARANTI BANKASI A.S.,MASTER_CARD
540669,TURKIYE GARANTI BANKASI A.S.,MASTER_CARD
538196,TURKIYE GARANTI BANKASI A.S.,MASTER_CARD
520988,TURKIYE GARANTI BANKASI A.S.,MASTER_CARD
526955,TURKIYE GARANTI BANKASI A.S.,MASTER_CARD
517040,TURKIYE GARANTI BANKASI A.S.,MASTER_CARD
520940,TURKIYE GARANTI BANKASI A.S.,MASTER_CARD
540037,TURKIYE GARANTI BANKASI A.S.,MASTER_CARD
537829,TURKIYE GARANTI BANKASI A.S.,MASTER_CARD
534261,TURKIYE GARANTI BANKASI A.S.,MASTER_CARD
528939,TURKIYE GARANTI BANKASI A.S.,MASTER_CARD
517041,TURKIYE GARANTI BANKASI A.S.,MASTER_CARD
549997,TURKIYE GARANTI BANKASI A.S.,MASTER_CARD
516789,QNB FINANSBANK A.S.,MASTER_CARD
521824,TURKIYE GARANTI BANKASI A.S.,MASTER_CARD
543738,TURKIYE GARANTI BANKASI A.S.,MASTER_CARD
520097,TURKIYE GARANTI BANKASI A.S.,MASTER_CARD
548935,TURKIYE GARANTI BANKASI A.S.,MASTER_CARD
540118,TURKIYE GARANTI BANKASI A.S.,MASTER_CARD
522204,TURKIYE GARANTI BANKASI A.S.,MASTER_CARD
510008,INTERNATIONAL CARD SERVICES BV,MASTER_CARD
516961,TURKIYE GARANTI BANKASI A.S.,MASTER_CARD
525329,T.C. ZIRAAT BANKASI A.S.,MASTER_CARD
521836,QNB FINANSBANK A.S.,MASTER_CARD
557023,TURKIYE GARANTI BANKASI A.S.,MASTER_CARD
520894,ASIA UNITED BANK CORPORATION,MASTER_CARD
519753,SEKERBANK T.A.S.,MASTER_CARD
528956,TURKIYE GARANTI BANKASI A.S.,MASTER_CARD
677397,ALBARAKA TURK KATILIM BANKASI A.S,MASTER_CARD
548178,FRANSABANK SAL,MASTER_CARD
553427,AKTIF YATIRIM BANKASI A.S.,MASTER_CARD
512419,MASTERCARD INTERNATIONAL,MASTER_CARD
550358,YAPI KREDI BANK AZERBAIJAN CJSC,MASTER_CARD
533169,TURKIYE GARANTI BANKASI A.S.,MASTER_CARD
516932,T.C. ZIRAAT BANKASI A.S.,MASTER_CARD
532699,BANCO NACIONAL DE COSTA RICA,MASTER_CARD
542732,CHASE PAYMENTECH EUROPE LIMITED,MASTER_CARD
589416,ICBC TURKEY BANK A.S.,MASTER_CARD
540040,MASTERCARD INTERNATIONAL,MASTER_CARD
535456,REVOLUT LTD,MASTER_CARD
549449,T.C. ZIRAAT BANKASI A.S.,MASTER_CARD
514915,TURKIYE GARANTI BANKASI A.S.,MASTER_CARD
529572,QNB FINANSBANK A.S.,MASTER_CARD
518358,TURKIYE FINANS KATILIM BANKASI  A.S.,MASTER_CARD
524366,SYNCHRONY BANK,MASTER_CARD
552094,"WEBSTER BANK, N.A.",MASTER_CARD
513778,CREDIT AGRICOLE S.A.,MASTER_CARD
557823,MASTERCARD INTERNATIONAL,MASTER_CARD
530203,MASTERCARD INTERNATIONAL,MASTER_CARD
521318,MASTERCARD INTERNATIONAL,MASTER_CARD
540663,ERIE FEDERAL CREDIT UNION,MASTER_CARD
542143,SUTTON BANK,MASTER_CARD
513771,CREDIT AGRICOLE S.A.,MASTER_CARD
516834,CESKOSLOVENSKA OBCHODNI BANKA A.S.,MASTER_CARD
523915,KAPITAL BANK,MASTER_CARD
533764,T.C. ZIRAAT BANKASI A.S.,MASTER_CARD
531599,JOINT STOCK COMMERCIAL BANK - BANK OF BAKU,MASTER_CARD
520068,TURKIYE GARANTI BANKASI A.S.,MASTER_CARD
540632,BANQUE MISR,MASTER_CARD
527111,TURKIYE FINANS KATILIM BANKASI  A.S.,MASTER_CARD
540011,HSBC UK BANK PLC,MASTER_CARD
510740,"COMPUTER SERVICES, INC.",MASTER_CARD
552143,HSBC BANK A.S.,MASTER_CARD
515483,QNB FINANSBANK A.S.,MASTER_CARD
559884,AKTIF YATIRIM BANKASI A.S.,MASTER_CARD
555060,MONZO BANK LIMITED,MASTER_CARD
532058,POMELO TECH  SA DE CV,MASTER_CARD
516794,REVOLUT LTD,MASTER_CARD
555376,NORTHROP GRUMMAN FEDERAL CREDIT UNION,MASTER_CARD
535590,N26 BANK AG,MASTER_CARD
545103,YAPI VE KREDI BANKASI A.S.,MASTER_CARD
552096,TURKIYE IS BANKASI A.S.,MASTER_CARD
523718,CREDIT AGRICOLE S.A.,MASTER_CARD
527083,KUVEYT TURK KATILIM BANKASI  A.S.,MASTER_CARD
545418,MASTERCARD INTERNATIONAL,MASTER_CARD
512589,BANK HANDLOWY W WARSZAWIE S.A.,MASTER_CARD
514102,PAYPORTER ODEME HIZMETLERI VE ELEKTRONIK PARA AS,MASTER_CARD
554965,CREDIT MUTUEL ARKEA,MASTER_CARD
535617,REVOLUT LTD,MASTER_CARD
531924,KRUNG THAI BANK PUBLIC COMPANY LIMITED,MASTER_CARD
558215,VAKIF KATILIM BANKASI A.S.,MASTER_CARD
524361,AKTIA BANK PLC,MASTER_CARD
554978,MASTERCARD INTERNATIONAL,MASTER_CARD
552674,DEUTSCHER SPARKASSEN- UND GIROVERBAND,MASTER_CARD
531125,JOINT-STOCK COMPANY BANK OF GEORGIA,MASTER_CARD
557827,MASTERCARD INTERNATIONAL,MASTER_CARD
545807,MASTERCARD INTERNATIONAL,MASTER_CARD
542879,"SHINHAN CARD CO., LTD.",MASTER_CARD
511783,TURKIYE FINANS KATILIM BANKASI  A.S.,MASTER_CARD
534214,MASTERCARD INTERNATIONAL,MASTER_CARD
537504,TURKIYE VAKIFLAR BANKASI T.A.O.,MASTER_CARD
554961,ITAU UNIBANCO S.A.,MASTER_CARD
670344,KBC BANKVERZEKERINGSHOLDING (KBC BANK N.V.),MASTER_CARD
545263,MASTERCARD INTERNATIONAL,MASTER_CARD
523253,DEUTSCHER SPARKASSEN- UND GIROVERBAND,MASTER_CARD
524375,UNIBANK COMMERCIAL BANK,MASTER_CARD
559964,TURK ELEKTRONIK PARA A S,MASTER_CARD
557818,JOINT STOCK COMPANY BALTIC INTERNATIONAL BANK,MASTER_CARD
520301,TARGOBANK AG & CO. KGAA,MASTER_CARD
535674,STARLING BANK LIMITED,MASTER_CARD
521729,COMMONWEALTH BANK OF AUSTRALIA,MASTER_CARD
529559,PAYSAFE FINANCIAL SERVICES LIMITED,MASTER_CARD
535583,SKANDINAVISKA ENSKILDA BANKEN AB,MASTER_CARD
552608,AKBANK T.A.S.,MASTER_CARD
540665,"BANK OF AMERICA, NATIONAL ASSOCIATION",MASTER_CARD
223697,OPTAL FINANCIAL EUROPE LTD,MASTER_CARD
529585,SIPAY ELEKTRONIK PARA VE ODEME HIZMETLERI AS,MASTER_CARD
510107,OPEN BANK S.A.,MASTER_CARD
555500,WEX BANK,MASTER_CARD
531377,"PAYPAL (EUROPE) S.A.R.L & CIE, S.C.A",MASTER_CARD
555607,CAJA POPULAR MEXICANA SC DE AP DE RL DE CV,MASTER_CARD
550852,MASTERCARD INTERNATIONAL,MASTER_CARD
535685,PSA PAYMENT SERVICES AUSTRIA GMBH,MASTER_CARD
548696,DZ BANK AG DEUTSCHE ZENTRAL-GENOSSENSCHAFTSBANK,MASTER_CARD
555657,WEX BANK,MASTER_CARD
522840,BANCO SANTANDER (BRASIL) S.A.,MASTER_CARD
516944,ODEA BANK A.S.,MASTER_CARD
529799,PAPARA ELEKTRONIK PARA VE ODEME HIZMETLERI AS,MASTER_CARD
538149,HSBC UK BANK PLC,MASTER_CARD
520524,COASTAL COMMUNITY BANK,MASTER_CARD
518233,MASTERCARD INTERNATIONAL,MASTER_CARD
541865,TURKIYE GARANTI BANKASI A.S.,MASTER_CARD
548888,JOINT-STOCK COMPANY BANK OF GEORGIA,MASTER_CARD
516361,WESTPAC BANKING CORPORATION,MASTER_CARD
510045,ERSTE BANK DER OSTERREICHISCHEN SPARKASSEN AG,MASTER_CARD
558158,THE BANCORP BANK NATIONAL ASSOCIATION,MASTER_CARD
548659,CORNER BANCA S.A.,MASTER_CARD
549894,VISECA PAYMENT SERVICES SA,MASTER_CARD
532474,MASTERCARD INTERNATIONAL,MASTER_CARD
554918,MONTANA FEDERAL CREDIT UNION,MASTER_CARD
510062,SOHAR INTERNATIONAL BANK SAOG,MASTER_CARD
536506,STOPANSKA BANKA AD SKOPJE,MASTER_CARD
512000,"TIB, NATIONAL ASSOCIATION",MASTER_CARD
520353,PHILIPPINE NATIONAL BANK,MASTER_CARD
520694,"BANCO NACIONAL DE MEXICO, S.A.",MASTER_CARD
543761,PHILIPPINE NATIONAL BANK,MASTER_CARD
515603,SECURITY BANK CORPORATION,MASTER_CARD
557907,BANCO SANTANDER MEXICO SA INSTITUCION DE BANCA MULTIPLE GRUPO FINANC,MASTER_CARD
552213,NATIONAL WESTMINSTER BANK PLC,MASTER_CARD
525847,SUNRATE SOLUTIONS LIMITED,MASTER_CARD
537706,"KB KOOKMIN CARD CO., LTD",MASTER_CARD
409084,TURKIYE VAKIFLAR BANKASI T.A.O.,VISA
423025,SIPAY ELEKTRONIK PARA VE ODEME HIZMETLERI AS,VISA
474108,TURK EKONOMI BANKASI A.S.,VISA
412199,SIPAY ELEKTRONIK PARA VE ODEME HIZMETLERI AS,VISA
456838,ZIRAAT FINANSAL TEKNOLOJILER ELEKTRONIK PARA VE ODEME HIZMETLERI A.S.,VISA
540431,AHLATCI ODEME VE ELEKTRONIK PARA HIZMETLERI AS,MASTERCARD
377140,TURKIYE GARANTI BANKASI A.S.,AMEX
658768,BANK OF AMERICA,DISCOVER
441117,AS ODEME HIZMETLERI VE ELEKTRONIK PARA A.S,VISA
494101,ZIRAAT FINANSAL TEKNOLOJILER ELEKTRONIK PARA VE ODEME HIZMETLERI A.S.,VISA
